2,11111@qq.com,2016-08-07 22:26:23,null,0
3,aasad@qq.com,2016-08-07 22:30:05,null,0
4,zhangyw@126.com,2016-08-07 22:32:14,null,0
5,zywcbg@qq.com,2016-08-07 22:32:35,null,0
6,12344@qq.com,2016-08-07 22:33:05,null,0
7,12345@126.com,2016-08-07 22:33:16,null,0
8,23455@163.com,2016-08-07 22:33:28,null,0
9,1459@112.com,2016-08-07 22:33:45,null,0
10,zhangyiwei_001@126.com,2016-08-07 22:34:35,null,0
11,sassadsad@126.com,2016-08-07 22:35:15,null,0
12,sgew@136.com,2016-08-07 22:35:24,null,0
13,qweq@email.com,2016-08-07 22:35:42,null,0
